PID,AdoptionSpeed
1,4
2,4
7,4
9,2
11,4
12,4
25,4
33,4
34,4
35,4
43,4
50,4
51,4
52,4
53,4
55,4
62,4
67,4
69,4
70,4
73,4
74,4
75,4
76,4
80,4
86,4
88,4
91,4
92,4
94,4
104,4
107,4
112,4
113,4
115,4
116,4
118,4
120,4
121,4
126,4
127,4
134,4
137,4
139,4
140,4
150,4
154,4
157,4
159,4
165,4
178,4
182,4
183,4
186,4
191,4
192,4
196,4
197,4
198,4
199,4
203,4
214,4
217,4
219,4
226,4
228,4
230,4
235,4
240,4
241,2
242,4
245,4
247,4
248,4
249,4
252,4
256,4
261,4
264,4
265,4
267,4
270,4
271,4
272,4
273,4
276,4
278,4
279,4
280,4
292,4
296,4
304,4
305,4
308,4
313,4
314,4
321,4
324,4
325,4
331,4
336,4
337,4
351,4
358,4
364,4
366,4
367,4
376,4
378,4
383,4
384,4
385,4
388,4
389,4
390,4
393,4
395,4
396,4
398,4
399,4
401,4
403,4
405,4
408,4
411,4
412,4
419,4
420,4
421,4
427,4
431,4
435,4
437,4
438,4
441,4
444,4
445,4
446,4
447,4
450,4
453,4
462,4
464,4
467,4
469,4
471,4
473,4
475,4
478,4
485,4
488,4
489,4
498,4
499,4
503,4
506,4
507,4
508,4
509,4
512,4
513,4
517,4
518,4
522,4
523,4
524,4
529,4
530,4
531,4
532,4
534,4
535,4
536,4
540,4
549,4
551,4
554,4
558,4
560,4
568,4
571,4
574,2
575,4
577,4
581,4
594,4
611,4
614,4
615,4
618,4
619,4
627,4
630,4
631,4
645,4
648,4
653,4
661,4
671,4
675,4
678,4
679,4
680,4
684,4
688,4
705,4
707,4
710,4
715,4
716,4
717,4
719,4
720,4
723,4
725,4
727,4
731,4
735,4
737,4
742,4
745,4
748,4
751,4
755,4
758,4
759,4
763,4
766,4
767,4
769,4
771,4
774,4
777,4
778,4
785,4
789,4
795,4
796,4
799,4
800,4
805,4
806,4
807,4
810,4
811,4
813,4
814,4
820,4
825,4
828,4
836,4
843,4
847,4
851,4
853,4
860,4
868,4
869,4
876,4
884,4
890,4
891,4
892,4
897,4
905,4
906,4
917,4
918,4
920,4
922,4
923,4
931,4
932,4
937,2
943,4
947,4
948,4
953,4
959,4
966,4
971,4
972,4
981,4
984,4
989,4
990,4
996,4
998,4
1002,4
1003,4
1004,4
1007,4
1011,4
1012,4
1014,4
1015,3
1018,4
1022,4
1023,4
1024,4
1026,4
1027,4
1029,4
1037,4
1041,4
1044,4
1048,4
1050,4
1052,4
1053,4
1054,4
1056,4
1060,4
1061,4
1062,4
1065,4
1074,4
1079,4
1080,4
1083,4
1084,4
1088,4
1090,4
1098,4
1101,4
1102,4
1103,4
1104,4
1107,4
1110,4
1117,4
1120,4
1121,4
1122,4
1123,4
1130,4
1136,4
1140,4
1145,4
1146,4
1148,4
1149,4
1150,4
1151,4
1155,4
1157,4
1158,4
1160,4
1163,4
1165,2
1166,2
1171,4
1176,4
1178,4
1180,4
1183,4
1185,4
1189,4
1195,4
1196,4
1197,4
1198,4
1200,4
1205,4
1209,4
1213,4
1220,4
1223,4
1228,2
1230,4
1236,4
1238,4
1240,4
1241,4
1242,4
1243,4
1244,4
1248,4
1250,4
1261,4
1271,4
1272,4
1277,4
1281,4
1294,4
1299,4
1301,4
1304,4
1305,4
1306,4
1307,4
1309,4
1311,4
1313,4
1317,4
1322,4
1324,4
1327,4
1331,4
1333,4
1334,4
1342,4
1343,4
1344,4
1348,4
1350,4
1353,4
1355,4
1356,4
1360,2
1364,4
1366,4
1367,4
1370,4
1372,4
1375,4
1382,4
1386,4
1388,4
1395,4
1399,4
1403,4
1406,4
1407,4
1409,4
1415,4
1419,4
1424,4
1425,4
1427,4
1429,4
1437,4
1440,4
1444,4
1447,4
1448,4
1452,4
1455,4
1464,2
1466,4
1468,4
1469,4
1471,4
1472,4
1476,4
1477,4
1478,4
1480,4
1499,4
1509,4
1510,4
1511,4
1512,4
1517,4
1519,4
1521,4
1528,4
1532,4
1540,4
1544,4
1546,2
1550,4
1552,4
1553,4
1558,4
1559,4
1562,4
1564,4
1572,4
1573,4
1584,4
1589,4
1591,4
1594,4
1599,4
1607,4
1610,4
1616,4
1619,4
1623,4
1630,4
1633,4
1634,4
1638,4
1639,4
1641,4
1645,4
1647,4
1648,4
1649,4
1655,4
1662,4
1664,4
1665,4
1667,4
1669,4
1671,4
1672,4
1673,4
1674,4
1681,4
1683,4
1685,4
1686,4
1689,4
1698,4
1700,4
1712,4
1715,4
1718,4
1727,4
1728,4
1735,4
1740,4
1741,4
1742,4
1748,4
1754,4
1755,4
1756,4
1761,4
1766,4
1771,4
1772,4
1773,4
1774,4
1779,4
1781,4
1785,4
1791,4
1796,4
1800,4
1801,4
1805,4
1811,4
1815,4
1817,4
1823,4
1827,4
1828,4
1830,4
1833,4
1834,4
1838,2
1844,4
1848,4
1851,4
1852,4
1853,4
1854,4
1856,4
1858,4
1859,4
1860,4
1864,4
1865,4
1869,4
1870,4
1873,4
1874,4
1881,4
1883,4
1888,4
1889,4
1892,4
1895,4
1899,4
1902,4
1904,4
1906,4
1911,4
1912,4
1915,4
1916,4
1924,4
1935,4
1937,4
1942,4
1943,4
1944,4
1953,4
1954,4
1955,4
1959,4
1962,4
1971,4
1975,4
1978,4
1979,4
1981,4
1986,4
1989,4
1990,4
1994,4
1996,4
2002,4
2005,4
2007,4
2012,4
2017,4
2020,4
2022,4
2026,4
2027,4
2033,4
2040,4
2044,4
2045,4
2047,4
2053,4
2054,4
2062,4
2065,4
2070,4
2073,4
2074,4
2075,4
2078,4
2079,4
2083,4
2088,4
2090,4
2091,4
2095,4
2098,4
2100,4
2104,4
2106,4
2107,4
2109,4
2113,4
2119,4
2120,4
2122,4
2124,4
2128,4
2134,4
2135,4
2137,4
2139,4
2140,4
2142,4
2145,4
2149,4
2152,4
2153,4
2159,4
2163,4
2165,4
2173,2
2175,4
2185,4
2186,4
2187,4
2188,4
2191,4
2197,4
2200,4
2204,4
2205,4
2207,4
2209,4
2210,4
2211,4
2213,4
2214,4
2216,4
2218,4
2220,4
2230,4
2232,4
2233,4
2236,4
2240,4
2243,4
2244,4
2247,2
2251,4
2253,4
2254,4
2260,4
2262,4
2267,4
2274,4
2276,4
2286,4
2300,4
2304,4
2311,4
2313,4
2314,4
2320,4
2321,4
2324,4
2325,4
2326,4
2340,4
2344,4
2351,4
2353,4
2354,4
2356,4
2369,4
2371,4
2377,4
2379,4
2380,4
2381,4
2382,4
2388,4
2394,4
2408,2
2415,4
2422,4
2425,4
2427,4
2429,4
2431,4
2432,4
2434,4
2442,4
2443,4
2451,4
2460,4
2461,4
2471,4
2472,4
2473,4
2475,4
2477,4
2479,4
2481,4
2482,4
2485,4
2487,4
2492,4
2497,4
2498,4
2500,4
2501,4
2503,4
2506,4
2508,4
2509,4
2511,4
2515,4
2519,4
2524,4
2527,4
2529,4
2531,4
2534,4
2535,4
2536,4
2538,4
2539,4
2541,4
2542,4
2552,4
2553,4
2555,4
2560,4
2561,4
2568,4
2569,4
2571,4
2576,4
2581,4
2589,4
2590,4
2591,4
2595,4
2602,4
2608,4
2610,4
2613,4
2618,4
2620,4
2621,4
2623,4
2625,4
2631,4
2634,4
2636,4
2637,4
2638,4
2639,4
2642,4
2646,4
2654,4
2656,4
2657,4
2661,4
2668,4
2672,4
2674,4
2681,4
2694,4
2698,4
2699,4
2701,4
2704,4
2705,4
2710,4
2717,4
2718,4
2720,4
2721,4
2722,4
2730,4
2733,4
2734,4
2735,2
2736,4
2738,4
2745,4
2748,4
2754,4
2757,4
2758,4
2765,4
2772,4
2781,4
2782,4
2783,4
2784,4
2786,4
2788,4
2789,3
2790,4
2791,4
2798,4
2800,4
2801,4
2802,4
2803,4
2805,4
2806,4
2809,4
2815,4
2820,4
2825,4
2826,2
2835,4
2836,4
2838,4
2841,4
2842,4
2843,4
2846,4
2853,4
2860,4
2862,4
2867,4
2870,4
2871,4
2872,4
2874,4
2881,4
2885,4
2888,4
2889,4
2892,4
2895,4
2901,4
2906,4
2912,4
2913,4
2916,4
2917,4
2921,4
2922,4
2925,4
2926,1
2927,4
2928,4
2934,4
2936,4
2938,4
2943,4
2944,4
2949,4
2950,4
2952,4
2954,4
2956,4
2957,4
2959,4
2963,4
2964,4
2965,4
2966,4
2968,4
2972,4
2973,4
2976,4
2978,4
2979,4
2982,4
2983,4
2985,4
2988,4
2989,4
2991,4
2995,4
2999,4
3001,4
3005,4
3006,4
3016,4
3019,4
3026,4
3032,4
3037,4
3041,4
3044,4
3045,4
3055,4
3059,4
3067,4
3070,4
3075,4
3076,4
3079,4
3080,4
3081,4
3084,4
3091,4
3093,4
3096,4
3101,4
3102,4
3106,4
3112,4
3115,4
3116,4
3124,4
3128,4
3129,4
3130,4
3131,4
3132,4
3136,4
3137,4
3141,4
3146,4
3148,4
3152,4
3156,4
3158,4
3166,4
3168,4
3177,4
3178,4
3188,4
3189,4
3191,4
3192,4
3196,4
3197,4
3203,4
3205,4
3206,4
3207,4
3218,4
3219,4
3225,4
3237,4
3244,4
3248,4
3259,4
3264,4
3272,4
3274,4
3275,4
3276,4
3279,4
3282,4
3283,4
3287,4
3288,4
3291,4
3294,4
3299,4
3301,4
3310,4
3312,4
3318,4
3319,4
3322,4
3324,4
3325,4
3326,4
3331,4
3334,4
3335,4
3336,4
3337,4
3340,4
3345,4
3352,4
3358,4
3360,4
3364,2
3374,4
3375,4
3376,4
3385,4
3391,4
3392,4
3394,1
3395,4
3396,4
3397,4
3402,4
3404,4
3405,4
3406,4
3407,4
3414,4
3420,4
3422,4
3424,4
3428,4
3431,4
3432,4
3434,4
3438,4
3439,4
3443,4
3444,4
3446,4
3447,4
3454,4
3465,4
3468,4
3471,4
3474,4
3475,4
3476,4
3483,4
3492,4
3493,4
3496,4
3497,4
3499,4
3501,4
3502,4
3504,4
3506,4
3508,4
3512,4
3513,4
3514,4
3515,4
3526,4
3527,4
3528,4
3531,4
3541,4
3544,4
3550,4
3561,4
3565,4
3568,4
3569,4
3572,4
3573,4
3574,4
3578,4
3581,2
3583,4
3587,4
3590,4
3606,4
3608,4
3609,4
3613,4
3617,4
3618,4
3623,4
3627,4
3628,4
3630,4
3636,4
3641,4
3644,4
3649,4
3650,4
3652,3
3659,4
3666,4
3672,4
3678,4
3680,4
3682,4
3686,4
3690,4
3692,4
3696,4
3698,4
3703,4
3704,4
3705,4
3706,4
3709,4
3711,2
3712,4
3714,4
3721,4
3722,4
3725,4
3731,4
3737,4
3738,4
3740,4
3741,2
3742,4
3749,4
3750,4
3751,4
3759,4
3761,4
3771,4
3773,4
3775,4
3776,4
3779,4
3783,4
3784,4
3789,4
3793,4
3801,4
3802,4
3803,4
3805,4
3817,4
3818,4
3822,4
3828,4
3831,4
3832,4
3836,4
3838,4
3846,4
3848,4
3853,4
3859,4
3860,4
3873,4
3877,4
3881,4
3882,4
3884,4
3885,4
3886,4
3890,4
3894,4
3895,4
3897,4
3899,4
3902,4
3904,4
3913,4
3914,4
3916,4
3919,4
3920,4
3922,4
3924,4
3930,4
3940,4
3941,4
3951,4
3952,4
3955,4
3956,4
3965,4
3970,4
3973,4
3975,4
3980,4
3981,4
3984,4
3985,4
3989,4
3992,4
4001,4
4002,4
4016,4
4017,4
4023,4
4025,4
4028,4
4033,4
4035,4
4036,4
4037,4
4040,4
4048,4
4050,4
4052,4
4054,4
4056,4
4058,4
4059,4
4062,4
4064,4
4067,4
4069,4
4078,4
4083,4
4088,4
4090,4
4093,4
4106,4
4108,4
4116,4
4119,4
4123,4
4124,4
4127,4
4136,4
4143,4
4144,4
4148,4
4149,4
4152,2
4157,4
4158,4
4171,4
4174,4
4175,4
4177,4
4189,4
4190,4
4191,4
4193,4
4200,4
4203,2
4215,4
4222,4
4223,4
4225,4
4230,4
4233,4
4237,4
4238,4
4242,4
4245,4
4249,4
4256,4
4261,4
4268,4
4269,4
4271,4
4281,4
4286,4
4289,4
4293,4
4301,4
4302,4
4304,4
4308,4
4309,4
4311,4
4313,4
4314,4
4316,4
4321,4
4324,4
4325,4
4327,4
4329,4
4337,2
4342,4
4343,4
4346,4
4348,4
4350,4
4353,4
4362,4
4377,4
4384,4
4386,4
4394,4
4395,4
4404,4
4406,4
4421,4
4423,4
4429,4
4433,4
4437,4
4438,4
4440,4
4441,4
4445,4
4447,4
4449,4
4452,4
4453,4
4454,4
4462,4
4468,4
4469,4
4470,4
4471,4
4485,4
4488,4
4493,4
4494,4
4506,4
4509,4
4517,4
4520,4
4522,4
4524,4
4526,4
4527,4
4545,4
4549,4
4550,4
4553,4
4558,4
4559,4
4560,4
4562,4
4565,4
4569,4
4573,4
4574,4
4578,4
4580,4
4582,4
4583,4
4585,4
4589,4
4596,4
4601,4
4602,4
4604,4
4605,4
4606,4
4608,4
4616,4
4617,4
4619,4
4620,4
4621,4
4624,4
4632,4
4633,4
4635,4
4638,4
4639,4
4640,4
4642,4
4644,4
4645,4
4648,4
4651,4
4653,4
4656,4
4659,4
4663,4
4664,4
4665,4
4667,4
4671,4
4672,4
4675,4
4677,4
4682,4
4684,4
4689,4
4695,4
4699,4
4706,4
4708,4
4713,4
4717,4
4719,4
4726,4
4727,4
4728,4
4732,4
4733,4
4740,4
4743,4
4749,4
4754,4
4755,4
4757,4
4759,4
4761,4
4762,4
4765,4
4766,4
4768,4
4773,4
4775,4
4786,4
4787,2
4791,4
4797,4
4802,4
4804,4
4807,4
4809,4
4811,4
4814,4
4815,4
4816,4
4817,4
4818,2
4830,4
4831,4
4840,4
4841,4
4846,4
4848,4
4850,4
4852,4
4857,4
4858,4
4859,4
4861,4
4869,4
4879,4
4882,4
4885,4
4899,4
4904,4
4906,4
4908,4
4910,4
4915,4
4918,4
4920,4
4921,4
4923,4
4928,4
4929,4
4932,4
4936,4
4938,4
4939,4
4942,4
4944,4
4945,4
4947,4
4948,4
4949,4
4955,4
4959,4
4963,4
4966,4
4967,4
4968,4
4971,4
4973,4
4980,4
4983,4
4986,4
4988,4
4989,4
4990,4
4995,4
4998,4
5002,4
5004,4
5006,4
5007,4
5011,4
5019,4
5022,4
5023,4
5024,4
5028,4
5037,4
5038,4
5039,4
5040,4
5051,4
5060,4
5061,4
5064,4
5068,4
5071,4
5074,4
5082,4
5086,4
5092,4
5096,4
5108,4
5109,4
5110,4
5111,4
5113,4
5118,4
5121,4
5124,4
5129,4
5134,4
5139,4
5143,2
5145,4
5147,4
5152,2
5153,4
5157,4
5165,4
5169,4
5175,4
5176,4
5179,4
5181,4
5183,4
5184,4
5185,4
5188,4
5191,4
5192,4
5193,4
5195,4
5196,4
5201,4
5203,4
5204,4
5206,4
5208,4
5210,4
5213,4
5217,4
5227,4
5232,4
5240,4
5243,4
5244,4
5246,4
5247,4
5251,4
5254,4
5259,4
5261,4
5264,4
5268,4
5273,4
5278,4
5280,4
5283,4
5285,4
5286,4
5289,4
5294,4
5300,4
5302,4
5303,4
5308,4
5309,4
5312,4
5313,4
5317,4
5323,4
5334,4
5335,4
5338,4
5340,4
5341,4
5344,4
5350,4
5351,4
5357,4
5358,4
5365,4
5368,4
5373,4
5375,4
5378,4
5387,4
5389,4
5392,4
5394,4
5399,4
5401,4
5402,4
5405,4
5406,4
5412,4
5422,4
5426,4
5429,4
5435,4
5437,4
5439,4
5443,4
5454,4
5458,4
5459,4
5460,4
5466,4
5467,4
5468,4
5473,4
5478,4
5480,2
5483,4
5485,4
5489,4
5491,4
5497,4
5511,4
5512,4
5513,2
5515,4
5516,4
5517,4
5520,4
5533,4
5537,4
5542,4
5543,4
5552,4
5554,4
5555,4
5557,4
5561,4
5564,4
5567,4
5568,4
5569,4
5570,4
5572,2
5577,4
5578,4
5582,4
5583,4
5588,4
5593,4
5599,4
5606,4
5607,4
5612,4
5615,4
5616,4
5621,4
5622,4
5623,4
5625,4
5630,4
5637,4
5641,4
5647,4
5650,4
5657,4
5658,2
5662,2
5665,4
5666,4
5667,4
5669,4
5670,4
5674,4
5678,4
5682,4
5685,4
5687,4
5694,4
5698,4
5704,4
5706,4
5709,4
5711,4
5713,4
5722,4
5729,4
5730,4
5740,4
5742,4
5743,4
5747,4
5748,4
5751,4
5753,4
5754,4
5760,4
5761,4
5762,4
5764,4
5765,4
5769,4
5771,4
5773,4
5778,4
5785,4
5787,4
5788,4
5792,4
5793,4
5795,4
5797,4
5798,4
5803,4
5807,4
5811,4
5812,4
5818,4
5820,2
5822,4
5823,4
5830,4
5832,4
5834,4
5836,4
5844,4
5847,4
5851,2
5852,4
5853,4
5855,4
5864,4
5866,4
5868,4
5873,4
5876,4
5883,4
5887,4
5888,4
5890,4
5896,4
5898,4
5907,4
5911,4
5912,4
5916,4
5921,4
5925,4
5926,4
5929,4
5933,4
5935,4
5943,4
5944,4
5949,4
5952,4
5958,4
5959,4
5961,4
5963,4
5965,4
5966,4
5968,4
5969,4
5970,4
5972,4
5973,4
5975,4
5982,4
5987,4
5989,4
5997,4
6002,4
6005,4
6010,4
6011,4
6012,4
6015,4
6021,4
6022,4
6026,4
6028,4
6032,4
6036,4
6037,4
6039,4
6044,4
6045,4
6048,4
6049,4
6051,4
6054,4
6058,4
6059,4
6065,4
6070,4
6081,4
6086,4
6088,4
6091,4
6095,4
6097,4
6099,4
6101,4
6103,4
6109,4
6110,4
6112,2
6115,4
6117,4
6123,4
6124,4
6125,4
6131,4
6137,4
6139,4
6143,4
6144,4
6149,4
6156,4
6157,4
6159,4
6167,4
6173,3
6183,4
6185,4
6186,4
6192,4
6193,4
6197,4
6200,4
6202,4
6205,4
6214,4
6215,4
6220,4
6221,4
6227,4
6228,4
6231,4
6235,4
6238,2
6239,4
6240,4
6243,4
6244,4
6247,4
6248,4
6258,4
6261,4
6263,4
6264,4
6266,4
6271,4
6278,4
6280,4
6282,4
6283,4
6286,4
6288,4
6292,4
6294,4
6295,4
6298,4
6300,4
6303,4
6309,4
6315,4
6316,4
6326,4
6331,4
6335,4
6343,4
6347,4
6349,4
6354,4
6355,4
6358,4
6369,4
6372,4
6373,4
6376,4
6377,2
6378,4
6379,4
6387,4
6392,4
6394,4
6399,4
6401,4
6403,4
6405,4
6409,4
6412,4
6417,4
6418,4
6420,4
6426,4
6427,4
6430,4
6431,4
6432,4
6434,4
6442,4
6446,4
6450,4
6451,4
6454,4
6462,4
6464,4
6468,4
6469,4
6471,4
6473,4
6474,4
6475,4
6486,4
6489,4
6494,4
6499,4
6505,4
6506,4
6507,4
6508,4
6511,2
6512,4
6513,4
6516,4
6517,4
6518,4
6522,4
6525,4
6527,4
6529,4
6531,4
6532,4
6537,4
6541,4
6542,4
6554,4
6555,4
6558,4
6559,4
6573,4
6575,4
6576,4
6580,2
6581,4
6582,4
6589,4
6593,4
6594,4
6598,4
6603,4
6608,4
6610,4
6611,4
6615,4
6619,4
6624,4
6626,4
6636,4
6640,4
6641,4
6643,4
6646,4
6647,4
6649,4
6651,4
6663,4
6664,4
6665,4
6667,4
6671,4
6675,4
6682,4
6690,4
6693,4
6695,4
6698,3
6701,4
6705,4
6706,4
6709,4
6712,4
6713,4
6714,4
6720,4
6722,4
6728,4
6729,4
6732,4
6736,4
6739,4
6743,4
6745,4
6748,4
6756,4
6758,4
6764,4
6765,4
6766,4
6768,4
6771,4
6776,4
6778,4
6784,4
6785,4
6786,4
6787,4
6788,4
6790,4
6796,4
6805,4
6806,4
6810,4
6813,4
6817,4
6818,4
6819,4
6822,4
6823,4
6825,4
6830,4
6833,4
6834,4
6839,4
6840,4
6844,4
6851,4
6852,4
6853,4
6858,4
6861,4
6862,4
6869,4
6874,4
6878,4
6880,4
6884,4
6885,4
6891,4
6892,4
6895,4
6896,4
6907,4
6908,4
6911,4
6917,4
6920,4
6934,4
6937,4
6940,4
6941,2
6945,4
6948,4
6950,4
6954,4
6958,4
6959,4
6962,4
6966,4
6976,4
6977,4
6978,4
6982,4
6983,4
6984,4
6990,4
6994,4
6997,4
7002,4
7003,4
7011,4
7015,4
7019,4
7021,4
7022,4
7023,4
7027,4
7035,4
7040,4
7044,4
7046,4
7050,4
7052,4
7056,4
7058,4
7059,4
7060,4
7063,4
7079,4
7081,4
7091,4
7096,4
7099,4
7102,4
7108,4
7110,4
7111,4
7115,4
7116,4
7120,4
7123,4
7129,4
7135,4
7136,4
7140,4
7142,4
7144,4
7145,4
7146,4
7150,4
7152,4
7153,4
7155,4
7160,4
7164,4
7166,4
7171,4
7173,4
7176,4
7177,4
7182,4
7183,4
7185,4
7194,4
7197,4
7198,4
7199,4
7204,4
7209,4
7217,4
7218,4
7219,4
7220,4
7224,4
7225,4
7226,4
7228,4
7237,4
7240,4
7241,4
7247,4
7249,4
7250,4
7251,4
7253,4
7258,4
7264,4
7271,4
7275,4
7278,4
7288,4
7289,4
7290,4
7295,4
7303,4
7305,4
7306,4
7308,4
7310,4
7315,3
7319,4
7323,4
7327,4
7331,4
7332,4
7340,4
7348,4
7349,4
7355,4
7356,4
7357,4
7359,4
7360,4
7363,4
7369,4
7382,4
7387,4
7392,4
7397,4
7407,4
7413,4
7419,4
7435,4
7445,4
7454,4
7455,4
7462,3
7466,4
7470,4
7472,4
7478,4
7487,4
7489,4
7494,4
7497,4
7501,4
7505,4
7509,4
7510,4
7511,4
7515,4
7518,4
7523,1
7534,4
7535,4
7536,4
7543,4
7546,4
7548,4
7549,4
7550,4
7559,4
7560,4
7563,4
7565,4
7566,4
7568,4
7573,4
7577,4
7578,4
7579,4
7587,4
7591,4
7592,4
7593,4
7595,4
7598,4
7603,4
7612,4
7617,4
7618,4
7620,4
7626,4
7628,4
7629,4
7633,4
7653,4
7654,4
7655,4
7656,4
7662,4
7668,4
7670,4
7672,4
7676,4
7677,4
7680,4
7685,4
7686,4
7689,4
7691,4
7694,4
7700,4
7701,4
7707,4
7709,4
7715,4
7717,4
7719,4
7721,4
7723,4
7724,4
7728,4
7733,4
7736,4
7742,4
7747,4
7755,4
7757,4
7758,4
7763,4
7769,4
7771,4
7777,4
7778,4
7782,4
7784,4
7787,4
7794,4
7796,4
7802,4
7806,4
7807,4
7817,4
7818,4
7823,4
7825,4
7826,4
7833,4
7839,4
7844,4
7846,4
7852,4
7865,4
7870,4
7872,4
7873,4
7883,4
7885,4
7892,4
7895,4
7896,4
7899,4
7903,4
7905,4
7907,4
7910,4
7921,4
7924,4
7926,4
7927,2
7928,4
7930,4
7931,4
7942,4
7947,4
7948,4
7950,4
7954,4
7957,4
7960,4
7969,4
7970,4
7973,4
7976,4
7977,4
7978,4
7979,4
7985,4
7986,4
7988,4
7989,4
7998,4
8000,4
8003,4
8006,4
8010,4
8015,4
8019,4
8021,4
8022,4
8026,2
8029,4
8034,4
8037,2
8039,4
8040,4
8043,4
8046,4
8048,4
8052,4
8054,4
8062,4
8064,4
8072,4
8074,4
8086,2
8087,3
8089,4
8090,4
8093,4
8095,4
8100,4
8101,4
8104,4
8108,4
8109,4
8112,4
8116,4
8127,4
8128,4
8130,4
8132,4
8137,4
8141,4
8144,4
8147,4
8151,4
8153,4
8154,4
8156,4
8159,4
8160,4
8170,4
8171,4
8177,4
8183,4
8187,4
8190,4
8202,4
8211,4
8219,4
8220,4
8223,4
8232,4
8236,4
8237,4
8240,4
8248,4
8249,4
8250,4
8251,4
8255,4
8257,4
8259,4
8262,4
8264,4
8275,4
8281,4
8282,4
8285,4
8290,4
8294,4
8295,4
8299,4
8300,4
8302,4
8316,4
8317,4
8318,4
8325,4
8327,4
8328,4
8330,4
8332,4
8334,4
8336,4
8339,4
8340,4
8344,4
8345,4
8346,4
8350,4
8352,2
8360,4
8365,4
8367,4
8373,4
8383,4
8386,4
8392,4
8393,4
8394,4
8395,4
8398,4
8399,4
8401,4
8411,4
8416,4
8418,4
8427,4
8433,4
8434,4
8447,4
8449,4
8454,4
8458,4
8460,4
8461,4
8463,4
8464,4
8474,4
8475,4
8479,4
8482,4
8483,4
8484,4
8485,4
8490,4
8493,4
8495,4
8496,4
8503,4
8505,4
8508,4
8512,4
8516,4
8517,4
8519,4
8527,4
8530,2
8533,1
8537,4
8539,4
8542,4
8546,4
8550,4
8558,4
8559,4
8561,4
8563,4
8566,4
8567,4
8574,4
8581,4
8582,4
8586,4
8587,4
8590,4
8593,4
8594,4
8601,4
8602,4
8609,4
8611,4
8612,4
8615,4
8616,1
8620,4
8623,4
8627,4
8635,4
8636,4
8640,4
8648,4
8659,4
8666,4
8669,4
8670,4
8677,4
8681,4
8696,4
8700,4
8701,4
8706,4
8709,4
8710,4
8714,4
8715,4
8718,4
8721,4
8724,4
8725,4
8731,4
8735,4
8754,4
8755,4
8763,4
8765,4
8766,4
8774,4
8776,4
8778,4
8781,4
8787,4
8790,4
8793,4
8800,4
8803,4
8805,4
8807,4
8812,4
8815,4
8821,4
8824,4
8832,4
8834,4
8838,4
8841,4
8843,4
8845,4
8846,4
8850,4
8861,4
8862,4
8870,4
8874,4
8884,4
8886,4
8891,4
8892,4
8899,4
8901,4
8902,4
8903,4
8909,4
8910,4
8911,4
8912,2
8917,4
8923,4
8929,4
8937,4
8942,4
8943,4
8945,4
8946,4
8947,4
8951,4
8957,4
8959,4
8967,4
8977,4
8980,4
8987,4
8988,4
8997,4
8999,4
9000,4
9002,4
9017,4
9021,4
9028,4
9031,4
9033,4
9035,4
9037,4
9038,4
9042,4
9048,4
9050,4
9055,4
9056,4
9060,4
9061,4
9062,4
9070,4
9071,4
9075,4
9076,4
9077,4
9078,4
9083,4
9087,4
9093,4
9095,4
9098,4
9101,4
9103,4
9107,4
9109,4
9110,4
9117,4
9118,4
9119,4
9120,4
9123,4
9125,4
9128,4
9129,4
9131,4
9134,4
9142,4
9144,4
9156,4
9160,4
9162,4
9164,4
9165,4
9166,4
9171,4
9177,4
9184,4
9185,4
9186,4
9188,4
9189,4
9190,2
9192,4
9193,4
9194,4
9196,4
9197,4
9200,4
9204,4
9208,4
9210,4
9211,4
9217,4
9218,4
9224,4
9225,4
9227,4
9229,4
9232,4
9234,4
9243,4
9245,4
9254,4
9258,4
9264,4
9274,4
9281,4
9282,4
9284,4
9285,4
9287,4
9294,4
9295,4
9296,4
9297,4
9298,4
9302,4
9304,4
9307,4
9312,4
9316,4
9319,4
9321,4
9325,4
9326,4
9329,4
9331,4
9333,4
9337,4
9342,4
9343,4
9345,4
9346,4
9347,4
9349,4
9352,4
9355,4
9356,4
9358,4
9361,4
9367,4
9368,4
9370,4
9373,4
9378,4
9385,4
9386,4
9390,4
9391,4
9393,4
9412,4
9420,4
9424,4
9425,4
9427,4
9429,4
9430,4
9432,4
9436,4
9439,4
9446,4
9447,4
9454,4
9457,4
9462,4
9464,4
9465,4
9466,4
9467,4
9472,4
9474,4
9475,4
9476,4
9477,4
9483,4
9484,4
9498,4
9501,4
9503,4
9517,4
9522,4
9526,4
9528,4
9529,4
9531,4
9533,4
9537,4
9549,2
9551,4
9552,4
9555,4
9560,4
9567,2
9569,4
9576,4
9577,4
9584,4
9585,4
9589,4
9592,4
9601,4
9605,4
9606,4
9609,4
9612,4
9614,4
9615,4
9617,4
9618,4
9623,4
9627,4
9636,4
9646,4
9656,4
9659,4
9665,4
9668,4
9669,4
9676,4
9683,4
9689,4
9690,4
9693,4
9697,4
9699,4
9700,4
9702,4
9703,2
9711,4
9719,4
9720,4
9722,4
9723,4
9725,2
9726,4
9731,4
9733,4
9734,2
9742,4
9746,4
9749,4
9753,4
9757,4
9760,4
9762,4
9763,4
9764,4
9767,4
9768,4
9770,4
9774,4
9777,4
9783,4
9785,4
9796,4
9799,4
9800,4
9805,4
9806,4
9808,4
9811,4
9813,4
9814,4
9821,4
9825,4
9828,4
9831,4
9833,4
9836,4
9838,4
9839,4
9840,4
9841,4
9843,4
9846,4
9851,4
9854,4
9860,4
9862,4
9863,4
9868,4
9878,4
9883,4
9886,4
9887,4
9890,4
9892,4
9893,4
9894,4
9896,4
9898,4
9904,4
9906,4
9911,4
9915,4
9921,4
9927,4
9928,4
9929,4
9930,4
9938,4
9939,4
9940,4
9956,4
9957,4
9966,4
9968,4
9971,4
9972,4
9977,4
9978,4
9983,4
9984,4
9989,4
9993,4
9995,4
9996,4
9997,4
10005,4
10008,4
10009,4
10010,4
10011,4
10012,4
10022,4
10024,4
10026,4
10027,4
10031,4
10032,4
10033,4
10036,4
10040,4
10044,4
10048,4
10049,4
10050,4
10052,4
10057,4
10067,4
10069,4
10070,4
10071,4
10074,4
10079,4
10086,4
10088,4
10093,4
10094,4
10097,4
10100,4
10102,4
10104,4
10112,4
10119,4
10122,4
10123,4
10125,4
10127,4
10130,4
10142,4
10145,4
10146,4
10148,4
10150,4
10154,4
10158,4
10159,4
10164,4
10176,4
10179,4
10186,4
10187,4
10193,2
10195,4
10196,4
10197,4
10206,4
10210,4
10214,4
10215,4
10221,4
10222,4
10226,4
10227,4
10232,4
10234,4
10236,4
10238,4
10245,4
10247,4
10248,4
10254,4
10258,4
10263,4
10264,4
10272,4
10274,4
10277,4
10282,4
10283,4
10295,4
10296,4
10299,4
10300,4
10301,4
10303,4
10305,4
10306,4
10308,4
10310,4
10312,4
10314,4
10318,4
10322,4
10329,4
10330,4
10335,4
10339,4
10343,4
10344,4
10347,4
10353,4
10356,4
10360,4
10361,4
10362,4
10363,4
10366,4
10371,4
10374,4
10378,4
10379,4
10380,4
10381,4
10383,4
10384,4
10387,4
10388,4
10389,4
10390,4
10395,4
10404,4
10410,4
10411,4
10414,4
10415,4
10424,4
10425,4
10427,4
10429,4
10434,4
10441,4
10442,4
10443,4
10445,4
10449,4
10450,4
10451,4
10452,4
10453,2
10454,4
10462,4
10463,4
10468,4
10471,4
10472,4
10474,2
10482,4
10485,4
10487,4
10502,4
10504,4
10508,4
10518,4
10519,4
10522,4
10525,4
10528,4
10530,4
10531,4
10532,4
10542,4
10543,4
10544,4
10546,4
10547,4
10554,4
10557,4
10559,4
10561,4
10565,4
10566,4
10568,4
10571,4
10574,4
10575,2
10576,4
10577,2
10579,4
10581,4
10587,4
10588,4
10590,4
10594,4
10595,4
10603,4
10607,4
10608,4
10609,4
10611,4
10616,4
10617,4
10623,4
10624,2
10626,4
10631,4
10635,4
10637,4
10638,4
10641,4
10643,4
10646,4
10647,4
10648,4
10650,4
10651,4
10652,4
10655,4
10662,4
10668,4
10670,4
10675,4
10676,2
10681,4
10683,4
10688,4
10690,4
10692,4
10694,4
10695,4
10696,4
10698,4
10703,4
10712,4
10713,4
10714,4
10723,4
10731,4
10732,4
10736,4
10741,4
10746,4
10747,4
10757,4
10759,4
10762,4
10764,4
10777,4
10778,4
10780,4
10782,4
10783,4
10784,4
10788,4
10790,4
10792,4
10798,4
10801,4
10803,4
10804,4
10808,4
10811,4
10813,4
10814,4
10816,4
10817,4
10822,4
10827,4
10828,4
10835,4
10837,4
10840,4
10842,2
10845,4
10847,4
10848,4
10853,4
10856,4
10858,4
10860,4
10865,4
10867,4
10874,4
10879,4
10888,4
10890,4
10892,4
10902,4
10908,4
10913,4
10914,4
10920,4
10924,4
10926,4
10929,4
10930,4
10933,4
10936,4
10947,4
10949,4
10951,4
10954,4
10955,4
10957,4
10959,4
10964,4
10971,4
10974,4
10976,4
10977,4
10982,4
10988,4
10992,4
10994,4
10996,4
11005,4
11007,4
11012,4
11014,4
11015,4
11017,4
11019,4
11020,4
11022,4
11028,4
11033,4
11034,4
11035,4
11038,4
11039,4
11042,4
11043,4
11045,4
11053,4
11054,4
11057,4
11059,4
11060,4
11062,4
11063,4
11071,4
11079,4
11080,4
11084,4
11086,4
11090,4
11091,4
11096,4
11097,4
11098,4
11099,4
11101,4
11102,4
11104,4
11106,4
11115,4
11116,4
11118,4
11120,4
11125,4
11126,4
11129,4
11130,4
11137,4
11139,4
11140,4
11141,4
11143,4
11148,4
11149,4
11154,4
11156,4
11162,4
11163,4
11170,4
11171,4
11172,4
11174,4
11177,4
11180,4
11181,4
11182,4
11185,4
11196,4
11199,4
11203,4
11204,4
11205,4
11206,4
11211,4
11214,4
11222,4
11223,4
11226,4
11227,4
11230,4
11237,4
11241,4
11245,4
11249,4
11251,4
11252,4
11253,4
11255,4
11258,4
11264,4
11265,4
11268,4
11278,4
11279,4
11282,4
11284,4
11286,4
11289,4
11293,4
11306,4
11308,4
11313,4
11314,4
11315,4
11319,4
11324,4
11328,2
11330,4
11332,4
11333,4
11338,4
11343,4
11345,4
11346,4
11349,4
11354,4
11357,4
11358,4
11360,4
11362,4
11365,4
11367,4
11369,4
11370,4
11372,4
11374,4
11376,4
11381,4
11387,4
11388,4
11394,4
11396,4
11402,4
11404,4
11416,4
11418,4
11420,4
11422,4
11424,4
11432,4
11434,4
11437,4
11438,4
11439,4
11445,4
11446,4
11449,4
11454,4
11458,4
11459,4
11469,4
11472,4
11474,4
11477,4
11479,4
11488,4
11490,4
11493,4
11499,4
11501,4
11505,4
11506,4
11512,4
11514,4
11518,4
11519,4
11525,4
11527,4
11530,4
11532,4
11535,4
11536,4
11539,4
11540,4
11542,4
11547,4
11549,4
11551,4
11552,4
11556,4
11557,4
11559,4
11562,4
11564,4
11569,4
11574,4
11577,4
11579,4
11582,4
11583,4
11588,4
11591,4
11594,4
11595,4
11601,4
11602,4
11603,4
11605,4
11610,4
11613,4
11615,4
11618,4
11626,4
11630,4
11631,4
11632,4
11633,4
11640,4
11641,4
11643,4
11649,4
11654,4
11656,4
11657,4
11660,4
11661,4
11663,4
11664,4
11667,4
11673,4
11684,4
11687,4
11692,4
11693,4
11697,4
11698,4
11706,4
11707,4
11710,4
11721,4
11727,4
11730,4
11735,4
11738,4
11743,4
11744,4
11751,3
11752,4
11756,4
11757,4
11758,4
11774,4
11778,4
11782,4
11783,4
11785,4
11786,4
11790,4
11792,4
11795,4
11803,4
11804,4
11806,4
11810,4
11811,4
11818,4
11820,4
11823,4
11824,4
11827,4
11831,4
11832,4
11833,4
11837,4
11842,4
11844,4
11846,4
11847,4
11849,4
11851,4
11852,4
11853,4
11858,4
11859,4
11860,4
11862,4
11863,4
11864,4
11870,4
11874,4
11875,4
11876,4
11879,4
11884,4
11897,4
11901,4
11904,4
11905,4
11906,4
11910,4
11913,4
11914,4
11915,4
11916,4
11917,4
11919,4
11920,4
11923,4
11925,4
11936,4
11943,4
11944,4
11945,4
11949,4
11950,4
11954,4
11955,4
11957,4
11959,4
11960,4
11961,4
11966,4
11969,4
11975,4
11977,4
11988,4
11989,4
11992,4
11994,4
11996,4
11998,4
12003,4
12005,4
12007,4
12009,4
12010,4
12012,4
12013,4
12017,4
12022,4
12023,4
12026,4
12032,4
12034,4
12037,4
12042,4
12044,4
12047,4
12048,4
12053,4
12054,4
12056,4
12060,4
12061,4
12064,4
12067,4
12068,4
12073,4
12075,4
12079,4
12093,4
12097,4
12098,4
12102,4
12103,4
12105,4
12106,4
12111,4
12113,4
12114,4
12117,4
12118,4
12119,4
12123,4
12125,4
12127,4
12136,4
12139,2
12141,4
12166,4
12167,4
12171,4
12173,2
12181,4
12185,4
12186,4
12192,4
12196,4
12201,4
12203,4
12206,4
12212,4
12213,4
12224,4
12231,4
12235,4
12236,4
12237,4
12239,4
12242,4
12243,4
12249,4
12251,4
12252,4
12254,4
12259,4
12260,2
12262,4
12264,4
12270,4
12272,4
12273,4
12276,4
12281,4
12285,4
12286,4
12292,4
12295,4
12300,4
12304,4
12307,4
12309,4
12319,4
12321,4
12325,4
12326,4
12328,4
12331,4
12332,4
12333,4
12338,4
12345,4
12347,4
12351,4
12356,4
12357,4
12360,4
12366,4
12369,4
12374,4
12375,4
12377,4
12379,4
12386,4
12388,4
12391,4
12393,4
12394,4
12400,2
12404,4
12408,4
12409,4
12411,4
12413,4
12418,4
12420,4
12425,4
12430,4
12432,4
12435,4
12440,4
12442,4
12447,4
12450,4
12451,4
12453,4
12461,4
12462,4
12463,4
12470,4
12480,4
12481,4
12484,4
12489,4
12490,2
12495,4
12498,4
12499,4
12500,4
12505,4
12507,4
12509,4
12511,4
12514,4
12517,4
12521,4
12537,4
12542,4
12549,4
12558,4
12560,4
12563,4
12565,4
12566,4
12570,4
12571,4
12580,4
12581,4
12582,4
12583,4
12587,4
12588,4
12589,4
12590,4
12604,4
12607,4
12608,4
12609,4
12614,4
12620,4
12621,2
12622,4
12627,4
12629,4
12634,2
12636,4
12637,4
12639,4
12642,4
12643,4
12649,4
12656,4
12659,4
12666,4
12667,4
12675,4
12677,4
12678,4
12680,4
12681,4
12685,4
12691,4
12693,4
12694,4
12697,4
12698,4
12702,4
12703,4
12705,4
12707,4
12717,4
12718,4
12722,4
12723,4
12725,4
12726,2
12727,4
12738,4
12739,4
12744,4
12747,4
12755,4
12757,4
12764,4
12767,4
12770,4
12777,4
12778,4
12781,4
12785,4
12787,4
12792,4
12793,4
12795,4
12796,4
12804,4
12805,4
12816,4
12817,4
12824,4
12826,4
12836,4
12840,4
12846,4
12847,4
12852,4
12856,4
12861,4
12865,4
12870,4
12871,4
12874,4
12880,4
12881,4
12888,4
12889,4
12893,4
12897,4
12898,4
12900,4
12903,4
12904,4
12907,4
12908,4
12909,4
12911,4
12912,4
12914,4
12920,4
12923,4
12929,4
12931,4
12935,4
12943,4
12948,4
12951,4
12955,4
12956,4
12957,4
12959,4
12962,4
12967,4
12971,4
12972,4
12974,4
12975,4
12979,4
12983,4
12985,4
12986,4
12990,2
12995,4
12997,4
13000,4
13002,4
13006,4
13007,4
13012,4
13014,4
13016,4
13019,4
13021,4
13022,4
13039,4
13042,4
13043,4
13048,4
13050,4
13052,4
13058,4
13060,4
13063,4
13068,4
13071,4
13074,4
13076,4
13078,4
13079,4
13083,4
13087,4
13094,2
13095,4
13103,4
13104,4
13107,4
13108,4
13118,4
13128,4
13135,4
13136,4
13138,4
13140,4
13145,4
13146,4
13148,4
13149,4
13158,4
13173,4
13175,4
13176,4
13185,4
13187,4
13188,4
13189,4
13190,4
13195,4
13196,4
13203,4
13205,4
13207,4
13209,4
13213,4
13218,4
13221,4
13222,4
13223,4
13227,4
13232,4
13235,4
13238,4
13239,4
13243,4
13244,4
13250,4
13260,4
13263,4
13265,4
13267,4
13268,4
13269,4
13274,4
13279,4
13280,4
13285,4
13286,4
13296,4
13297,4
13303,4
13307,4
13308,4
13318,4
13329,4
13333,4
13335,4
13336,4
13340,4
13350,4
13352,4
13355,4
13357,4
13358,4
13367,4
13368,4
13370,4
13376,4
13377,4
13379,4
13382,4
13393,4
13400,4
13407,4
13409,4
13414,2
13417,4
13418,4
13419,4
13420,4
13422,4
13424,4
13425,4
13427,4
13431,4
13435,4
13437,4
13438,4
13441,4
13442,4
13443,2
13445,4
13448,4
13450,4
13452,4
13455,4
13458,4
13460,4
13463,4
13467,4
13479,4
13484,4
13485,4
13490,4
13494,4
13496,4
13499,4
13505,4
13507,4
13511,4
13512,4
13513,4
13517,4
13523,4
13525,4
13526,4
13530,4
13537,4
13538,4
13541,4
13543,4
13548,4
13552,4
13554,4
13557,4
13568,4
13569,4
13572,4
13575,4
13578,4
13583,4
13586,4
13592,4
13593,4
13599,4
13611,4
13615,4
13622,4
13628,4
13629,4
13635,4
13636,4
13646,4
13655,4
13660,4
13665,2
13668,4
13669,4
13674,4
13677,4
13680,4
13681,4
13682,4
13684,4
13687,4
13689,4
13692,4
13696,4
13700,4
13701,4
13702,4
13708,4
13709,4
13712,4
13717,4
13721,4
13724,4
13725,4
13726,4
13727,2
13732,4
13733,4
13734,4
13736,4
13737,4
13739,4
13746,4
13748,4
13757,4
13763,4
13764,4
13768,4
13771,4
13772,4
13773,4
13774,4
13775,4
13778,4
13780,4
13786,2
13788,4
13793,4
13794,4
13795,4
13796,4
13798,4
13799,4
13800,4
13802,4
13804,4
13810,4
13822,4
13833,4
13836,4
13837,4
13839,4
13852,4
13855,4
13857,4
13863,4
13864,2
13866,4
13870,4
13873,4
13879,4
13885,4
13890,4
13891,4
13893,4
13898,4
13901,4
13903,4
13906,4
13908,4
13910,4
13913,4
13915,4
13916,4
13917,4
13918,4
13928,4
13931,4
13933,4
13937,2
13939,4
13945,4
13949,4
13950,4
13951,4
13952,4
13953,4
13954,4
13955,4
13962,4
13964,4
13965,4
13966,4
13967,4
13968,4
13972,4
13973,4
13974,4
13981,4
13984,4
13994,4
13996,4
13999,4
14004,4
14005,4
14009,4
14010,4
14011,4
14013,4
14016,4
14018,4
14020,4
14031,4
14032,4
14035,4
14048,4
14055,4
14057,4
14059,4
14060,4
14061,4
14064,4
14065,4
14066,4
14068,4
14073,4
14081,4
14082,4
14086,4
14090,4
14093,2
14095,4
14097,4
14099,4
14101,4
14104,4
14108,4
14110,4
14118,4
14125,4
14134,4
14141,4
14151,4
14154,4
14155,4
14156,4
14158,4
14162,4
14167,4
14170,4
14173,4
14174,4
14175,4
14182,4
14187,4
14193,4
14197,4
14198,4
14201,4
14202,4
14203,4
14204,4
14207,4
14208,4
14211,4
14213,4
14220,2
14221,4
14231,4
14233,4
14234,4
14235,4
14236,4
14240,4
14241,4
14242,4
14244,4
14247,4
14249,4
14251,4
14253,4
14254,4
14255,4
14257,4
14261,4
14263,4
14264,4
14266,4
14268,4
14278,4
14280,4
14287,4
14288,4
14290,4
14294,4
14295,4
14296,4
14299,4
14314,4
14315,4
14318,4
14324,4
14325,4
14335,4
14337,4
14343,4
14344,4
14356,4
14358,4
14359,4
14360,4
14361,4
14363,4
14366,4
14367,4
14368,4
14369,4
14370,4
14371,4
14372,4
14374,4
14375,4
14376,4
14380,4
14384,3
14385,4
14386,4
14391,4
14396,4
14398,4
14403,4
14408,4
14411,4
14416,4
14418,4
14420,4
14425,4
14426,4
14430,4
14431,4
14433,4
14434,4
14436,4
14443,4
14446,4
14449,4
14450,2
14453,4
14458,4
14459,4
14460,4
14461,4
14464,4
14467,4
14470,4
14471,4
14473,4
14476,4
14477,4
14487,4
14490,4
14491,4
14494,4
14496,4
14500,4
14501,4
14506,4
14508,4
14510,2
14511,4
14518,4
14520,4
14521,4
14522,4
14528,4
14531,4
14534,4
14538,4
14552,4
14553,4
14560,4
14563,4
14566,4
14567,4
14568,4
14571,4
14573,4
14576,4
14584,4
14586,4
14590,4
14591,4
14592,4
14595,4
14596,4
14597,4
14599,4
14604,4
14605,4
14606,4
14609,4
14611,4
14615,4
14618,4
14620,4
14623,4
14630,4
14631,4
14641,4
14642,4
14644,4
14646,4
14648,4
14655,4
14659,4
14660,4
14661,4
14671,4
14673,4
14677,2
14679,4
14682,4
14684,4
14687,4
14688,4
14690,4
14692,4
14700,4
14704,4
14716,4
14717,4
14724,4
14725,4
14728,4
14729,4
14730,4
14737,4
14738,4
14740,4
14742,4
14749,4
14755,4
14758,4
14761,4
14764,4
14767,4
14770,4
14771,4
14774,4
14775,4
14779,4
14780,4
14781,4
14782,4
14785,4
14786,4
14789,4
14795,4
14799,4
14800,4
14801,4
14802,4
14807,4
14809,4
14829,4
14832,4
14834,4
14837,4
14844,4
14845,4
14847,4
14850,4
14851,4
14852,4
14855,4
14859,4
14864,4
14873,4
14874,4
14877,4
14880,4
14885,4
14888,4
14889,4
14893,4
14904,4
14905,4
14912,4
14916,4
14918,4
14920,4
14921,4
14922,4
14926,4
14935,4
14936,4
14937,4
14939,4
14945,4
14952,4
14955,4
14956,4
14957,4
14961,4
14962,4
14965,4
14970,4
14979,4
14982,4
14984,4
14986,4
14987,4
14989,4
14990,4
